Modules,Details
Diet and Supplements,"Multivitamins, Protein Supplements, Fish Oil, Calcium Tablets"
Food and Meal Planning,"Meal Plans: Breakfast (Oatmeal, Eggs), Lunch (Grilled Chicken, Vegetables), Dinner (Salmon, Brown Rice)"
Gym Exercises - Low Intensity,"Walking, Light Yoga, Stretching"
Gym Exercises - Average Intensity,"Jogging, Light Weightlifting, Cycling"
Gym Exercises - Intermediate Intensity,"HIIT, Weight Training, CrossFit"
Rehabilitation Exercises,"Ankle Pumps, Hamstring Stretch, Squats, Step-Ups, Plyometric Jumps"
